{"cameraMode":{"drawMode":0,"name":"Shaded","section":"Shading Mode"},"sceneLighting":true,"audioPlay":false,"sceneViewState":{"m_AlwaysRefresh":false,"showFog":true,"showSkybox":false,"showFlares":true,"showImageEffects":true,"showParticleSystems":true,"showVisualEffectGraphs":true,"m_FxEnabled":true},"in2DMode":false,"pivot":{"x":122.65357208251953,"y":27.55150032043457,"z":131.2782745361328},"rotation":{"x":-0.007648544851690531,"y":0.9862353205680847,"z":-0.047682128846645358,"w":-0.15815837681293488},"size":0.6668223142623901,"orthographic":false}