{"cameraMode":{"drawMode":0,"name":"Shaded","section":"Shading Mode"},"sceneLighting":true,"audioPlay":false,"sceneViewState":{"m_AlwaysRefresh":false,"showFog":true,"showSkybox":true,"showFlares":true,"showImageEffects":true,"showParticleSystems":true,"showVisualEffectGraphs":true,"m_FxEnabled":true},"in2DMode":false,"pivot":{"x":138.8448486328125,"y":24.613039016723634,"z":122.72357177734375},"rotation":{"x":-0.1272071897983551,"y":0.06272473186254502,"z":-0.008060010150074959,"w":-0.9898593425750732},"size":4.254324913024902,"orthographic":false}