{"cameraMode":{"drawMode":0,"name":"Shaded","section":"Shading Mode"},"sceneLighting":true,"audioPlay":false,"sceneViewState":{"m_AlwaysRefresh":false,"showFog":true,"showSkybox":true,"showFlares":true,"showImageEffects":true,"showParticleSystems":true,"showVisualEffectGraphs":true,"m_FxEnabled":true},"in2DMode":false,"pivot":{"x":136.26072692871095,"y":24.69280242919922,"z":123.20100402832031},"rotation":{"x":0.03679656982421875,"y":0.7784299254417419,"z":-0.04583235830068588,"w":0.6249748468399048},"size":0.8660253882408142,"orthographic":false}