{"cameraMode":{"drawMode":0,"name":"Shaded","section":"Shading Mode"},"sceneLighting":true,"audioPlay":false,"sceneViewState":{"m_AlwaysRefresh":false,"showFog":true,"showSkybox":true,"showFlares":true,"showImageEffects":true,"showParticleSystems":true,"showVisualEffectGraphs":true,"m_FxEnabled":true},"in2DMode":false,"pivot":{"x":137.73802185058595,"y":20.753650665283204,"z":140.28781127929688},"rotation":{"x":-0.015698442235589029,"y":0.9765264391899109,"z":-0.2008097618818283,"w":-0.07633805274963379},"size":1.3363410234451295,"orthographic":false}