{"cameraMode":{"drawMode":0,"name":"Shaded","section":"Shading Mode"},"sceneLighting":false,"audioPlay":false,"sceneViewState":{"m_AlwaysRefresh":false,"showFog":true,"showSkybox":false,"showFlares":true,"showImageEffects":true,"showParticleSystems":true,"showVisualEffectGraphs":true,"m_FxEnabled":true},"in2DMode":false,"pivot":{"x":6.984919309616089e-9,"y":0.0006197579205036163,"z":-0.020003139972686769},"rotation":{"x":-0.15704549849033357,"y":-0.19244366884231568,"z":0.031217526644468309,"w":-0.9681583046913147},"size":0.2936909794807434,"orthographic":false}